{
  "project_info": {
    "project_number": "411575047315",
    "project_id": "servicenovigrad-a2719",
    "storage_bucket": "servicenovigrad-a2719.appspot.com"
  },
  "client": [
    {
      "client_info": {
        "mobilesdk_app_id": "1:411575047315:android:475261397abb8dfed1a966",
        "android_client_info": {
          "package_name": "com.example.project"
        }
      },
      "oauth_client": [],
      "api_key": [
        {
          "current_key": "AIzaSyAigwlBlFTIyc5v9dLpKMHa-i_SFTUMZcQ"
        }
      ],
      "services": {
        "appinvite_service": {
          "other_platform_oauth_client": []
        }
      }
    }
  ],
  "configuration_version": "1"
}